encounter_id,unit,infection,temp,HR,RR,WBC,bands,SBP,MAP,lactate,creatinine,platelets,INR,bilirubin,time_zero,lactate_time,cultures_time,abx_time,fluids_time,repeat_lactate_time,dx_codes
1001,Step-Down,known,102.8,126,23,8456,11,101,72,0.9,1.0,156956,1.1,0.9,,,,,,,N39.0;A41.9;R65.20
1002,Med/Surg A,suspected,98.6,109,24,6763,5,81,51,1.1,0.9,219342,1.2,1.0,2026-06-27 03:36,2026-06-27 05:40,2026-06-27 04:02,2026-06-27 04:39,2026-06-27 04:33,,N39.0;A41.9;R65.21
1003,Telemetry,none,98.0,67,22,6866,15,105,77,1.7,0.9,268858,1.2,0.6,,,,,,,
1004,Telemetry,suspected,102.1,132,30,23716,5,102,95,2.7,0.8,205307,1.3,0.8,2026-02-08 16:58,2026-02-08 17:26,2026-02-08 19:43,2026-02-08 20:13,,,N39.0;A41.9;R65.20
1005,Med/Surg A,suspected,102.5,108,31,3195,6,123,77,1.9,0.7,279372,0.9,0.3,,,,,,,L03.90;A41.9
1006,Med/Surg A,known,103.5,125,26,5094,12,107,79,5.5,1.0,67261,2.4,3.5,2026-06-08 11:21,2026-06-08 12:06,2026-06-08 11:35,2026-06-08 11:52,2026-06-08 13:29,2026-06-08 14:11,J18.9;A41.9;R65.21
1007,Med/Surg A,known,103.0,81,22,9906,5,131,70,0.7,0.9,230612,1.0,0.5,,,,,,,J18.9;A41.9
1008,Step-Down,suspected,103.4,102,16,9322,6,112,92,1.0,1.4,92590,1.9,1.1,2026-01-23 00:40,2026-01-23 02:52,2026-01-23 01:26,2026-01-23 02:06,,,J18.9;A41.9
1009,Step-Down,known,101.2,87,32,16250,1,104,86,4.8,1.1,206160,1.1,1.0,2026-02-14 05:40,,2026-02-14 06:38,2026-02-14 07:15,2026-02-14 06:17,2026-02-14 09:18,J18.9
1010,Telemetry,known,97.7,78,17,8469,6,129,93,0.7,1.1,319392,0.9,0.7,,,,,,,L03.90
1011,Med/Surg A,none,98.8,100,18,6503,4,129,77,1.7,0.7,294264,0.9,0.9,,,,,,,
1012,Step-Down,known,98.5,80,15,8285,0,110,82,0.6,0.9,269277,1.0,0.9,,,,,,,L03.90
1013,Med/Surg A,suspected,101.3,75,22,5410,7,83,51,3.6,0.7,54453,2.1,0.5,2026-06-21 09:53,2026-06-21 09:58,2026-06-21 12:21,2026-06-21 13:11,2026-06-21 10:53,2026-06-21 12:15,J18.9
1014,Med/Surg A,none,102.5,112,26,23472,5,115,78,1.1,1.1,228642,1.1,1.1,,,,,,,A41.9
1015,Telemetry,known,98.2,114,23,7001,5,134,92,2.6,3.5,321435,1.1,0.9,2026-06-19 14:54,2026-06-19 16:43,2026-06-19 16:07,2026-06-19 16:12,,2026-06-19 17:39,J18.9;A41.9;R65.20
1016,Telemetry,known,102.6,87,27,23763,4,132,85,0.9,1.3,163316,0.9,0.7,,,,,,,J18.9;A41.9
1017,Telemetry,suspected,102.5,78,30,5079,1,109,87,0.6,0.9,294841,1.0,2.3,2026-03-08 09:11,2026-03-08 11:26,2026-03-08 09:30,2026-03-08 09:59,,,L03.90;A41.9;R65.20
1018,Med/Surg B,known,99.2,134,13,7897,8,126,89,1.6,1.3,212059,1.2,1.2,,,,,,,L03.90
1019,Med/Surg B,none,99.7,72,26,23989,1,124,71,1.7,0.8,270665,1.0,1.0,,,,,,,
1020,Telemetry,known,95.4,133,30,8274,8,89,54,0.8,1.4,219590,0.9,3.2,2026-05-13 15:03,2026-05-13 16:02,,2026-05-13 19:25,2026-05-13 17:47,,L03.90;A41.9;R65.21
1021,Med/Surg A,none,102.2,125,30,10893,14,123,83,0.7,1.1,236559,1.1,0.9,,,,,,,
1022,Telemetry,none,98.5,110,14,19388,6,111,89,1.3,0.9,150106,1.0,0.5,,,,,,,
1023,Step-Down,suspected,101.9,134,32,7745,12,115,91,1.0,1.2,188627,0.9,0.5,,,,,,,L03.90;A41.9
1024,Med/Surg B,known,102.1,77,25,23248,0,106,94,1.2,0.7,332429,1.1,0.3,,,,,,,L03.90;A41.9
1025,Telemetry,none,99.2,82,17,3254,8,127,87,1.2,0.7,274433,1.1,1.0,,,,,,,
1026,Step-Down,known,97.7,74,15,2687,5,134,72,0.8,0.8,331914,1.0,0.5,,,,,,,N39.0
1027,Step-Down,suspected,103.0,93,18,2012,5,134,93,1.6,3.2,207812,1.1,2.6,2026-01-06 06:48,2026-01-06 07:30,2026-01-06 07:58,2026-01-06 08:27,,,N39.0;A41.9;R65.20
1028,Step-Down,suspected,95.9,134,22,23030,6,111,71,0.9,2.6,269196,1.0,1.0,2026-02-20 15:43,2026-02-20 16:50,2026-02-20 17:12,2026-02-20 17:54,,,J18.9;A41.9
1029,Med/Surg A,suspected,98.7,88,12,7866,3,104,94,1.8,0.6,158134,1.3,0.5,,,,,,,L03.90
1030,Telemetry,known,97.8,71,29,7099,16,110,89,1.4,1.2,180024,1.2,0.4,,,,,,,J18.9;A41.9
1031,Step-Down,known,102.8,132,15,23922,4,80,58,1.2,0.9,83158,2.1,2.1,2026-05-30 16:49,2026-05-30 18:32,2026-05-30 17:42,2026-05-30 18:02,2026-05-30 19:20,,L03.90;A41.9;R65.20
1032,Med/Surg A,suspected,102.9,85,26,9408,18,129,83,1.7,1.1,234490,1.2,1.0,,,,,,,N39.0;A41.9
1033,Med/Surg A,suspected,99.0,77,27,20598,5,113,81,1.6,2.6,306278,1.2,0.5,2026-04-05 01:10,2026-04-05 06:07,2026-04-05 01:30,2026-04-05 01:37,,,J18.9;A41.9;R65.20
1034,Telemetry,none,102.7,80,29,14024,4,114,82,1.5,0.8,302451,1.0,0.8,,,,,,,
1035,Med/Surg B,suspected,98.1,99,25,2244,8,130,78,3.4,1.4,84382,2.1,4.0,2026-02-23 22:19,2026-02-24 00:04,2026-02-24 00:28,2026-02-24 01:06,,2026-02-24 00:36,N39.0;A41.9;R65.20
1036,Step-Down,known,103.4,82,26,6034,18,84,54,1.2,1.0,198329,1.3,0.5,2026-01-21 18:27,2026-01-21 18:50,2026-01-21 22:15,2026-01-21 22:24,2026-01-21 18:52,,N39.0;A41.9;R65.20
1037,Med/Surg B,none,98.9,86,12,6242,2,136,79,0.7,0.8,296295,1.2,0.8,,,,,,,A41.9
1038,Med/Surg A,none,98.3,131,22,5812,14,140,76,0.9,0.7,212879,1.0,0.4,,,,,,,
1039,Med/Surg B,suspected,102.8,121,13,6912,15,107,87,2.5,2.3,67408,2.3,0.4,2026-05-25 07:02,2026-05-25 09:22,2026-05-25 08:16,2026-05-25 08:49,,,N39.0;A41.9;R65.20
1040,Med/Surg A,suspected,103.4,124,30,9045,7,102,83,1.6,1.1,51695,1.7,1.2,2026-05-20 05:17,2026-05-20 05:57,2026-05-20 09:34,2026-05-20 10:23,,,N39.0;A41.9;R65.20
1041,Step-Down,suspected,95.3,129,28,9028,12,130,81,1.1,0.9,177420,1.2,0.6,,,,,,,L03.90;A41.9
1042,Telemetry,suspected,101.5,117,30,23275,8,78,58,1.1,3.2,313947,1.1,0.3,2026-04-10 23:34,2026-04-10 23:58,2026-04-11 01:01,2026-04-11 01:10,2026-04-10 23:55,,J18.9;A41.9
1043,Telemetry,suspected,95.9,72,24,3128,0,88,64,2.3,3.4,319793,1.2,0.7,2026-04-03 15:17,2026-04-03 15:55,2026-04-03 19:17,2026-04-03 19:52,2026-04-03 17:13,,N39.0;A41.9;R65.20
1044,Step-Down,none,102.1,130,14,17026,6,121,95,1.3,1.3,224144,1.2,1.1,,,,,,,A41.9
1045,Step-Down,none,98.6,112,25,6956,20,124,77,1.7,0.9,233408,1.2,0.9,,,,,,,
1046,Telemetry,known,96.3,120,13,8743,11,104,85,3.5,2.5,313383,1.2,3.3,2026-06-05 03:56,2026-06-05 04:04,2026-06-05 06:31,2026-06-05 06:40,,2026-06-05 07:01,L03.90;A41.9;R65.20
1047,Med/Surg A,suspected,101.7,86,26,13980,6,106,94,1.4,1.3,266307,1.0,0.6,,,,,,,L03.90;A41.9
1048,Med/Surg B,known,97.9,125,28,10585,13,105,89,3.7,1.1,213132,1.1,0.8,2026-03-25 22:47,2026-03-26 00:31,2026-03-26 00:01,2026-03-26 00:59,,2026-03-26 02:58,N39.0;A41.9
1049,Step-Down,suspected,101.6,120,27,9813,4,140,83,1.5,1.0,229199,1.0,0.6,,,,,,,L03.90;A41.9
1050,Med/Surg B,suspected,103.1,117,26,21772,0,114,89,6.8,2.4,199841,1.1,3.4,2026-04-25 08:51,2026-04-25 10:59,2026-04-25 11:40,2026-04-25 12:24,2026-04-25 09:03,2026-04-25 13:27,N39.0;A41.9;R65.20
1051,Step-Down,known,101.4,110,17,8403,13,134,81,3.1,1.3,193134,1.0,1.0,2026-06-26 02:33,2026-06-26 04:05,2026-06-26 03:02,2026-06-26 03:49,,2026-06-26 07:58,N39.0;A41.9;R65.20
1052,Telemetry,suspected,98.7,67,14,6848,6,135,81,0.7,0.9,219326,1.1,0.7,,,,,,,N39.0
1053,Med/Surg A,suspected,97.6,127,17,6813,12,140,84,1.8,0.8,257032,0.9,0.3,,,,,,,J18.9;A41.9
1054,Telemetry,suspected,95.2,79,17,10705,19,126,90,2.3,1.0,76746,2.4,0.6,2026-02-09 13:15,2026-02-09 14:14,2026-02-09 14:38,2026-02-09 14:51,,2026-02-09 18:52,N39.0;A41.9;R65.20
1055,Med/Surg A,known,103.4,114,22,8261,4,88,63,1.2,1.1,318218,1.2,1.2,2026-05-24 05:33,2026-05-24 06:48,2026-05-24 07:30,2026-05-24 07:48,2026-05-24 07:56,,N39.0;A41.9;R65.21
1056,Med/Surg B,known,95.3,101,31,17042,2,116,95,0.8,1.1,51689,1.7,0.6,2026-04-18 04:44,2026-04-18 06:44,2026-04-18 06:03,2026-04-18 06:10,,,J18.9;A41.9
1057,Med/Surg A,known,102.9,122,19,3051,1,139,71,3.4,1.3,93181,2.0,0.7,2026-01-12 01:45,2026-01-12 03:20,2026-01-12 01:34,2026-01-12 02:04,,2026-01-12 07:17,L03.90;A41.9;R65.20
1058,Step-Down,suspected,98.7,79,13,5661,5,138,74,0.7,0.8,315957,1.1,0.9,,,,,,,N39.0
1059,Telemetry,suspected,101.5,85,15,8523,7,114,83,1.0,1.0,259049,1.2,0.6,,,,,,,L03.90
1060,Step-Down,suspected,101.4,78,13,8052,13,135,71,1.4,1.0,236414,1.2,0.7,,,,,,,J18.9;A41.9
1061,Step-Down,suspected,97.8,81,25,6267,7,114,73,1.1,1.0,180116,1.2,0.8,,,,,,,J18.9
1062,Med/Surg A,known,102.8,74,17,7875,0,111,74,1.3,0.9,187191,1.2,1.2,,,,,,,L03.90
1063,Step-Down,none,102.9,128,13,15049,2,139,71,1.5,0.8,323523,1.1,0.8,,,,,,,
1064,Step-Down,known,102.6,125,16,16112,6,79,53,3.5,1.2,225876,1.0,2.1,2026-02-01 23:37,2026-02-01 23:54,2026-02-02 00:00,,2026-02-02 01:21,,L03.90;A41.9;R65.21
1065,Telemetry,known,102.3,96,27,8516,20,118,73,1.1,3.5,195055,1.2,3.3,2026-01-17 01:02,2026-01-17 03:08,2026-01-17 03:10,2026-01-17 03:17,,,J18.9;A41.9;R65.20
1066,Telemetry,known,98.5,67,28,3527,5,110,72,5.8,0.7,283680,1.0,1.0,2026-05-13 09:58,2026-05-13 11:31,2026-05-13 14:18,2026-05-13 15:11,2026-05-13 11:05,2026-05-13 17:47,N39.0;A41.9;R65.20
1067,Step-Down,known,97.8,73,15,6421,2,104,75,1.8,1.1,271622,1.2,1.0,,,,,,,J18.9
1068,Med/Surg A,suspected,102.7,109,31,18266,8,104,79,1.2,0.6,246662,1.2,0.4,,,,,,,L03.90
1069,Med/Surg B,suspected,102.3,101,12,2211,5,105,86,1.4,0.6,335498,1.1,0.7,,,,,,,L03.90;A41.9
1070,Step-Down,suspected,102.7,96,17,21641,6,109,80,4.3,1.1,72925,1.8,0.9,2026-01-24 11:23,2026-01-24 11:29,2026-01-24 13:20,2026-01-24 13:46,2026-01-24 12:25,2026-01-24 16:47,J18.9;A41.9;R65.20
1071,Med/Surg B,known,99.5,134,32,5765,17,132,81,0.6,0.8,206149,1.0,1.0,,,,,,,L03.90;A41.9
1072,Step-Down,known,95.2,126,12,10422,5,109,75,2.4,3.1,90942,2.2,0.4,2026-01-08 22:53,2026-01-08 23:52,,2026-01-08 23:30,,2026-01-09 02:15,N39.0;A41.9;R65.20
1073,Med/Surg B,known,98.1,107,26,3710,3,128,84,1.6,1.2,82958,2.0,3.9,2026-05-26 20:45,2026-05-26 20:54,2026-05-26 22:21,2026-05-26 22:52,,,N39.0;A41.9;R65.20
1074,Step-Down,suspected,98.9,98,13,2171,2,117,84,1.8,0.7,264680,0.9,1.1,,,,,,,L03.90;A41.9
1075,Med/Surg B,suspected,98.5,76,15,8163,1,123,77,0.6,1.3,337355,1.2,1.0,,,,,,,J18.9;A41.9
1076,Step-Down,suspected,103.3,93,26,14949,8,107,94,1.0,2.5,53129,1.8,3.3,2026-01-12 10:24,2026-01-12 10:36,2026-01-12 15:02,2026-01-12 15:18,,,J18.9;A41.9;R65.20
1077,Step-Down,suspected,101.2,114,25,8412,13,76,58,5.9,1.2,283070,1.1,2.8,2026-01-08 22:12,2026-01-08 22:52,2026-01-09 02:40,2026-01-09 03:29,2026-01-09 00:50,,J18.9;A41.9;R65.21
1078,Step-Down,suspected,102.9,132,13,7723,13,102,81,1.3,1.3,195898,1.2,0.9,,,,,,,J18.9;A41.9
1079,Med/Surg A,known,101.3,71,12,2635,8,125,87,1.2,0.6,319581,1.0,0.6,,,,,,,L03.90;A41.9
1080,Step-Down,none,99.5,78,18,8602,6,121,75,1.2,1.0,286125,1.0,0.4,,,,,,,
1081,Med/Surg A,known,101.9,120,31,8490,13,102,93,7.0,2.6,264017,1.0,4.0,2026-01-14 15:51,2026-01-14 18:10,2026-01-14 17:51,2026-01-14 18:29,2026-01-14 19:28,2026-01-14 21:27,J18.9;A41.9;R65.21
1082,Step-Down,suspected,96.0,120,22,6034,1,115,94,1.4,0.9,298699,0.9,0.4,,,,,,,N39.0;A41.9
1083,Med/Surg A,none,98.9,81,17,8260,5,117,77,1.8,0.6,198771,1.1,0.6,,,,,,,
1084,Med/Surg B,suspected,101.5,96,29,19792,1,83,58,5.0,0.8,191289,1.2,3.9,2026-05-25 11:42,2026-05-25 13:04,2026-05-25 16:25,2026-05-25 17:01,2026-05-25 14:00,2026-05-25 15:59,N39.0;A41.9;R65.20
1085,Med/Surg A,known,102.3,115,17,8828,8,105,72,1.0,1.4,81369,2.0,1.0,2026-01-23 19:33,2026-01-23 21:20,2026-01-23 22:20,2026-01-23 23:09,,,J18.9;A41.9
1086,Med/Surg B,suspected,97.8,82,32,9815,2,108,83,1.3,1.3,182548,1.1,0.6,,,,,,,N39.0
1087,Med/Surg A,known,103.4,109,24,10120,4,84,59,2.4,1.1,89658,1.9,1.1,2026-05-31 05:30,2026-05-31 09:33,2026-05-31 09:43,2026-05-31 10:18,2026-05-31 07:41,2026-05-31 09:17,N39.0;A41.9;R65.21
1088,Med/Surg B,none,101.3,132,30,3314,4,130,77,1.6,1.1,227970,1.1,0.9,,,,,,,
1089,Step-Down,suspected,102.9,114,18,18570,8,82,51,4.9,0.8,175378,0.9,1.2,2026-02-15 04:42,2026-02-15 08:03,2026-02-15 07:37,2026-02-15 07:56,2026-02-15 06:22,2026-02-15 08:49,N39.0;A41.9;R65.20
1090,Telemetry,suspected,99.4,123,19,9085,4,131,70,0.7,0.9,269860,1.3,0.5,,,,,,,L03.90;A41.9
1091,Telemetry,suspected,95.6,108,17,2749,0,83,53,1.1,0.8,75319,2.0,1.0,2026-05-31 05:50,2026-05-31 08:05,2026-05-31 08:14,2026-05-31 08:20,2026-05-31 08:15,,L03.90;A41.9;R65.20
1092,Med/Surg B,known,99.9,77,17,7777,8,123,94,0.8,1.1,255221,1.1,0.3,,,,,,,J18.9
1093,Step-Down,suspected,99.0,81,14,7686,5,110,82,1.9,1.2,228442,1.1,0.8,,,,,,,N39.0
1094,Med/Surg B,none,98.4,86,13,8412,4,140,70,1.4,0.8,321859,1.2,1.0,,,,,,,
1095,Step-Down,known,99.6,107,12,9690,1,112,70,1.2,0.9,258255,1.2,0.7,,,,,,,L03.90
1096,Telemetry,known,98.8,82,17,10424,7,133,82,1.0,0.7,289756,1.0,0.6,,,,,,,L03.90
1097,Step-Down,known,98.2,74,26,6698,18,120,85,1.1,1.3,339179,1.0,0.4,,,,,,,J18.9;A41.9
1098,Med/Surg B,none,97.6,97,17,3343,4,130,76,0.9,1.0,297329,1.2,0.4,,,,,,,
1099,Med/Surg A,known,102.3,135,24,21516,2,130,90,0.9,3.4,234192,1.0,2.2,2026-04-29 17:56,2026-04-29 20:17,2026-04-29 19:30,2026-04-29 20:29,,,L03.90;A41.9
1100,Step-Down,known,95.1,77,19,17242,0,100,79,1.3,0.7,237829,1.0,1.2,,,,,,,N39.0;A41.9
1101,Step-Down,none,102.9,133,26,6525,11,121,95,1.0,1.1,200636,1.0,1.1,,,,,,,
1102,Med/Surg A,known,101.5,75,15,5055,4,124,77,1.2,0.8,236409,1.0,1.0,,,,,,,J18.9
1103,Step-Down,suspected,102.1,124,26,5961,15,114,74,3.0,1.0,89697,1.9,0.9,2026-05-18 20:54,2026-05-18 22:27,2026-05-18 22:12,2026-05-18 22:29,,2026-05-19 03:28,N39.0;A41.9
1104,Med/Surg A,known,102.8,67,31,5919,0,135,86,0.9,1.0,193132,1.0,0.8,,,,,,,J18.9;A41.9
1105,Telemetry,suspected,102.4,79,12,8787,15,101,82,0.9,0.6,207121,1.1,0.3,,,,,,,N39.0;A41.9
1106,Step-Down,known,100.0,80,12,7351,6,111,94,0.8,1.1,341178,1.2,0.7,,,,,,,J18.9
1107,Step-Down,suspected,102.0,70,30,3083,2,79,57,3.3,1.0,84860,1.9,0.5,2026-03-05 00:23,2026-03-05 00:50,2026-03-05 01:35,2026-03-05 02:25,2026-03-05 00:37,2026-03-05 03:54,N39.0;A41.9;R65.21
1108,Telemetry,known,101.4,130,22,3224,0,102,82,1.2,1.0,347757,1.2,2.2,2026-02-12 15:04,2026-02-12 18:23,2026-02-12 15:58,2026-02-12 16:46,,,L03.90
1109,Step-Down,suspected,98.3,101,15,8387,4,117,71,1.3,1.1,342731,1.3,0.9,,,,,,,N39.0
1110,Med/Surg A,known,99.2,118,24,2770,2,134,85,0.9,0.8,335487,1.0,0.7,,,,,,,L03.90
1111,Med/Surg B,suspected,102.7,120,27,21275,3,103,78,1.1,1.1,160367,1.2,0.5,,,,,,,N39.0;A41.9
1112,Telemetry,suspected,95.2,80,25,9951,14,125,77,1.3,1.2,249788,1.1,0.9,,,,,,,J18.9;A41.9
1113,Med/Surg B,suspected,101.9,105,27,7563,6,114,93,0.8,0.8,88275,2.1,0.7,2026-02-05 17:10,2026-02-05 19:18,2026-02-05 19:05,2026-02-05 19:46,,,J18.9;A41.9;R65.20
1114,Med/Surg A,suspected,102.3,133,29,2344,5,134,85,2.4,1.3,318246,1.3,0.8,2026-06-22 01:35,2026-06-22 02:09,2026-06-22 03:24,2026-06-22 03:02,,2026-06-22 06:29,N39.0;A41.9;R65.20
1115,Step-Down,none,98.5,85,15,5556,2,100,76,1.3,0.9,311961,1.2,1.1,,,,,,,
1116,Telemetry,known,102.9,82,16,20728,6,111,73,1.8,1.0,213168,1.0,0.8,,,,,,,J18.9;A41.9
1117,Step-Down,suspected,98.6,107,25,7457,1,81,56,1.1,1.0,91729,1.6,2.4,2026-06-03 21:18,2026-06-03 22:46,2026-06-03 22:20,2026-06-03 23:03,2026-06-03 21:38,,L03.90;A41.9;R65.20
1118,Step-Down,suspected,103.2,128,29,2095,1,77,64,7.0,0.6,63576,2.1,1.0,2026-06-19 02:18,2026-06-19 04:19,2026-06-19 03:11,2026-06-19 03:22,2026-06-19 02:49,2026-06-19 07:58,L03.90;A41.9;R65.20
1119,Med/Surg A,known,102.9,97,30,7833,11,114,72,1.0,3.2,306135,1.1,1.0,2026-04-26 10:31,2026-04-26 14:48,2026-04-26 11:52,2026-04-26 12:13,,,L03.90;A41.9
1120,Telemetry,suspected,98.6,135,31,8113,12,76,54,4.5,1.2,316173,1.0,0.7,2026-01-20 09:31,2026-01-20 10:16,2026-01-20 10:21,2026-01-20 11:10,2026-01-20 10:27,2026-01-20 11:49,N39.0;A41.9
1121,Step-Down,suspected,101.6,120,30,9544,8,76,55,1.3,1.1,235047,1.2,2.1,2026-03-12 14:19,2026-03-12 14:49,2026-03-12 13:59,2026-03-12 14:46,2026-03-12 16:12,,N39.0;A41.9
1122,Med/Surg A,known,99.2,70,14,7202,4,117,85,0.8,0.7,222341,1.1,0.7,,,,,,,N39.0
1123,Step-Down,known,101.9,117,27,8112,16,138,74,5.1,2.9,332266,1.0,0.6,2026-06-26 08:25,2026-06-26 10:09,2026-06-26 08:41,2026-06-26 09:34,2026-06-26 09:04,2026-06-26 11:30,L03.90;A41.9;R65.20
1124,Med/Surg A,suspected,95.6,99,31,22203,8,135,70,1.8,1.0,335694,1.0,3.6,2026-05-30 02:06,2026-05-30 03:01,2026-05-30 03:01,2026-05-30 03:27,,,J18.9;A41.9
1125,Step-Down,suspected,99.1,72,16,10395,2,127,95,1.1,1.0,306744,1.1,0.7,,,,,,,J18.9
1126,Med/Surg B,suspected,102.6,128,32,10298,17,121,95,1.2,0.6,217826,1.0,1.0,,,,,,,J18.9;A41.9
1127,Med/Surg A,suspected,101.9,97,13,6160,16,113,86,5.7,2.8,264862,1.2,0.7,2026-02-24 15:52,2026-02-24 18:10,2026-02-24 20:41,2026-02-24 20:50,2026-02-24 16:13,2026-02-24 23:40,N39.0;A41.9
1128,Step-Down,known,97.8,70,25,6429,19,135,83,7.4,0.8,256180,1.2,0.5,2026-03-14 00:19,2026-03-14 02:30,2026-03-14 03:26,2026-03-14 02:23,2026-03-14 01:48,2026-03-14 05:06,J18.9;A41.9;R65.20
1129,Step-Down,known,101.7,96,13,6531,16,107,78,3.3,2.8,317538,1.0,0.6,2026-04-17 20:39,2026-04-18 01:08,2026-04-17 20:15,2026-04-17 20:57,,2026-04-18 01:52,N39.0;A41.9;R65.20
1130,Step-Down,suspected,99.8,129,23,6097,16,119,73,2.4,1.2,283909,1.1,0.8,2026-03-19 00:17,2026-03-19 01:42,2026-03-19 01:34,2026-03-19 01:53,,2026-03-19 05:30,N39.0;A41.9;R65.20
1131,Step-Down,known,103.1,131,22,2019,7,124,87,3.0,1.0,329489,1.1,0.9,2026-03-30 23:09,2026-03-31 01:13,2026-03-31 03:04,2026-03-31 03:16,,2026-03-31 01:39,L03.90;A41.9;R65.20
1132,Step-Down,known,102.4,70,29,9633,7,79,62,1.3,1.4,85523,2.3,2.2,2026-04-10 11:03,2026-04-10 13:23,2026-04-10 11:19,2026-04-10 11:53,2026-04-10 13:00,,J18.9;A41.9
1133,Med/Surg B,suspected,99.7,94,19,2713,1,78,62,3.4,1.2,336319,1.1,0.7,2026-05-23 21:03,2026-05-23 21:43,2026-05-23 21:42,2026-05-23 22:19,2026-05-23 23:52,2026-05-24 01:39,L03.90;A41.9;R65.20
1134,Med/Surg B,known,98.2,82,24,3441,4,132,91,6.9,0.7,76974,2.3,1.2,2026-05-08 16:34,2026-05-08 17:27,2026-05-08 18:51,2026-05-08 17:37,,,J18.9;A41.9;R65.20
1135,Telemetry,none,98.5,101,31,10180,4,140,83,1.1,0.7,174404,1.1,1.0,,,,,,,
1136,Med/Surg B,suspected,102.3,86,27,21256,6,113,83,1.7,1.0,234637,1.2,0.6,,,,,,,J18.9;A41.9
1137,Telemetry,suspected,103.1,65,23,19730,7,100,83,0.9,1.2,184580,1.3,0.6,,,,,,,J18.9;A41.9
1138,Telemetry,suspected,102.6,106,18,5747,12,130,72,2.3,0.8,328253,1.1,0.3,2026-05-29 18:00,2026-05-29 18:20,2026-05-29 18:10,2026-05-29 18:21,,2026-05-29 23:13,J18.9;A41.9
1139,Med/Surg B,suspected,102.9,98,23,2752,4,108,90,1.9,2.3,289069,1.1,0.8,2026-03-22 02:49,2026-03-22 05:14,2026-03-22 07:39,2026-03-22 07:57,,,N39.0;A41.9;R65.20
1140,Med/Surg A,known,101.4,99,31,8145,16,115,78,6.3,0.8,307548,1.1,0.8,2026-06-04 08:29,2026-06-04 09:08,2026-06-04 08:17,2026-06-04 09:14,2026-06-04 09:33,2026-06-04 12:08,N39.0;A41.9
1141,Telemetry,known,99.4,74,12,6960,7,124,73,0.9,1.1,168615,1.1,1.2,,,,,,,J18.9
1142,Step-Down,none,96.2,93,31,12725,4,113,71,1.8,1.4,254326,1.1,0.9,,,,,,,
1143,Step-Down,suspected,97.7,97,15,21288,5,79,61,1.2,1.4,65639,1.6,0.4,2026-01-22 02:45,2026-01-22 04:13,2026-01-22 03:19,2026-01-22 03:47,2026-01-22 04:17,,N39.0;A41.9;R65.20
1144,Telemetry,known,102.8,102,29,7840,8,133,95,1.7,0.8,247483,1.0,1.0,,,,,,,L03.90;A41.9
1145,Step-Down,none,98.3,78,16,9291,1,116,92,1.9,1.1,280062,1.1,0.6,,,,,,,
1146,Step-Down,none,99.4,83,32,10921,1,114,93,1.3,0.6,153221,1.0,0.7,,,,,,,
1147,Med/Surg A,none,98.9,87,18,6839,5,115,83,1.8,0.9,170417,1.1,0.4,,,,,,,
1148,Med/Surg B,known,101.9,97,30,8741,0,136,95,5.1,1.1,271615,1.0,1.2,2026-05-14 08:10,2026-05-14 10:39,2026-05-14 09:29,2026-05-14 10:23,2026-05-14 10:54,2026-05-14 13:15,L03.90;A41.9;R65.20
1149,Telemetry,known,97.5,78,12,6908,8,122,90,1.7,1.3,237822,0.9,0.9,,,,,,,J18.9
1150,Step-Down,known,101.4,72,30,3435,5,84,51,1.3,1.1,253376,0.9,3.2,2026-05-01 14:15,2026-05-01 14:56,2026-05-01 15:41,2026-05-01 15:53,2026-05-01 16:57,,J18.9;A41.9;R65.20
1151,Step-Down,none,99.3,112,27,8708,4,114,72,1.8,0.7,303277,0.9,0.4,,,,,,,
1152,Telemetry,suspected,102.3,68,23,6291,4,138,71,0.9,1.3,188882,0.9,0.5,,,,,,,L03.90;A41.9
1153,Telemetry,known,96.3,127,30,14051,7,107,70,2.2,1.2,208271,1.0,1.0,2026-05-05 22:25,2026-05-06 02:05,2026-05-05 23:39,2026-05-05 23:58,,2026-05-06 06:47,L03.90;A41.9;R65.20
1154,Step-Down,known,102.7,100,23,2250,0,129,71,0.8,1.1,339905,1.1,0.3,,,,,,,L03.90;A41.9
1155,Med/Surg B,known,98.6,101,22,10030,3,135,85,4.2,2.5,58993,1.9,0.9,2026-04-25 19:48,2026-04-25 21:26,2026-04-25 22:15,2026-04-25 22:32,2026-04-25 21:37,2026-04-26 00:12,J18.9;A41.9
1156,Telemetry,known,98.7,80,27,9633,8,120,82,1.0,0.6,306530,1.0,1.1,,,,,,,J18.9
1157,Telemetry,suspected,102.7,109,30,5458,14,111,77,6.1,3.2,332878,1.0,0.8,2026-06-22 11:56,2026-06-22 13:57,2026-06-22 12:08,2026-06-22 12:16,2026-06-22 12:11,2026-06-22 14:12,N39.0;A41.9;R65.21
1158,Telemetry,known,101.4,106,31,12826,8,130,70,1.0,1.1,184207,1.0,0.5,,,,,,,N39.0;A41.9
1159,Telemetry,known,103.4,117,31,18014,4,127,95,3.3,1.0,233173,1.0,3.9,2026-02-10 15:20,2026-02-10 17:44,2026-02-10 15:51,2026-02-10 16:01,,2026-02-10 17:44,J18.9;A41.9;R65.20
1160,Step-Down,known,97.8,92,31,3742,0,111,89,1.0,1.2,310269,1.0,0.8,,,,,,,L03.90
1161,Step-Down,known,97.9,97,32,10235,5,78,53,6.4,0.9,178320,1.2,0.3,2026-05-14 08:42,2026-05-14 09:49,2026-05-14 10:36,2026-05-14 11:10,2026-05-14 10:17,2026-05-14 12:59,L03.90;A41.9;R65.20
1162,Telemetry,known,98.9,98,29,10332,14,104,95,1.7,2.5,233549,1.0,0.4,2026-01-31 23:12,2026-01-31 23:28,2026-02-01 00:00,2026-02-01 00:56,,,N39.0;A41.9;R65.20
1163,Med/Surg B,none,98.9,67,17,9866,7,101,83,1.8,0.7,263823,1.0,0.4,,,,,,,
1164,Med/Surg A,none,101.3,128,30,2314,0,123,70,1.2,0.8,323544,1.2,0.7,,,,,,,
1165,Telemetry,known,102.1,123,32,2186,8,124,81,4.7,0.6,265275,1.1,0.5,2026-04-13 17:13,2026-04-13 19:16,2026-04-13 19:37,2026-04-13 19:42,2026-04-13 19:10,,J18.9;A41.9;R65.20
1166,Med/Surg B,known,98.5,83,25,5499,17,136,77,1.2,2.2,52275,2.0,3.8,2026-01-22 21:31,2026-01-22 23:12,2026-01-22 23:02,2026-01-22 23:25,,,N39.0
1167,Med/Surg A,none,99.5,100,12,8468,1,127,76,1.9,1.1,305988,1.0,1.1,,,,,,,
1168,Telemetry,suspected,102.6,125,28,19290,2,137,88,1.6,1.4,56922,2.1,0.4,2026-06-07 22:03,2026-06-08 00:08,2026-06-07 22:41,2026-06-07 22:57,,,J18.9;A41.9
1169,Med/Surg B,suspected,98.9,122,22,17012,6,109,89,1.4,1.2,160166,1.1,1.1,,,,,,,J18.9;A41.9
1170,Med/Surg A,suspected,95.5,109,29,10703,1,119,93,2.9,1.3,220626,1.2,0.8,2026-02-04 05:06,2026-02-04 05:15,2026-02-04 08:03,2026-02-04 08:20,,2026-02-04 08:06,N39.0;A41.9;R65.20
1171,Med/Surg B,suspected,101.6,111,30,2277,8,89,63,2.5,0.6,52167,2.0,1.1,2026-02-19 21:01,2026-02-19 23:16,2026-02-19 21:34,2026-02-19 22:27,2026-02-19 23:31,2026-02-20 02:48,J18.9;A41.9;R65.20
1172,Med/Surg B,suspected,102.3,120,24,3201,8,116,93,6.9,0.7,157195,1.1,0.4,2026-06-06 00:46,2026-06-06 05:15,2026-06-06 05:24,2026-06-06 05:54,2026-06-06 05:33,2026-06-06 09:08,J18.9;A41.9;R65.20
1173,Step-Down,known,96.5,135,22,2270,2,84,62,7.3,1.2,335956,1.2,0.7,2026-06-05 00:38,2026-06-05 00:57,2026-06-05 00:27,2026-06-05 00:55,2026-06-05 02:35,2026-06-05 03:18,J18.9
1174,Telemetry,suspected,99.2,131,18,5838,11,119,91,4.4,0.7,68119,2.1,3.7,2026-04-30 10:37,2026-04-30 12:54,2026-04-30 11:52,2026-04-30 12:00,2026-04-30 10:47,2026-04-30 17:25,L03.90;A41.9;R65.21
1175,Step-Down,suspected,97.9,72,12,9915,6,120,91,0.8,0.6,280383,1.3,0.5,,,,,,,J18.9
1176,Telemetry,known,96.0,124,26,23274,8,106,85,4.4,0.8,296546,1.2,0.5,2026-04-30 03:16,2026-04-30 04:30,2026-04-30 05:23,2026-04-30 05:33,,2026-04-30 06:33,J18.9;A41.9
1177,Med/Surg A,suspected,99.5,113,27,7134,4,75,63,1.4,2.9,312700,0.9,1.1,2026-06-07 22:09,2026-06-07 23:03,2026-06-07 23:37,2026-06-08 00:16,2026-06-07 23:38,,J18.9;A41.9;R65.20
1178,Telemetry,suspected,95.5,83,29,17683,2,105,85,1.0,1.4,232159,1.2,0.3,,,,,,,L03.90;A41.9
1179,Med/Surg A,known,102.7,117,28,2785,0,112,93,1.1,0.6,71116,2.2,0.8,2026-05-04 04:45,2026-05-04 07:12,2026-05-04 04:29,2026-05-04 05:17,,,J18.9;A41.9
1180,Step-Down,known,97.8,116,30,9822,4,88,50,1.0,0.8,340796,1.1,0.8,2026-06-11 15:37,2026-06-11 17:40,2026-06-11 16:18,2026-06-11 16:23,2026-06-11 17:48,,L03.90;A41.9;R65.20
1181,Med/Surg A,known,103.3,117,12,16175,2,113,93,0.6,1.0,182286,1.0,0.9,,,,,,,N39.0;A41.9
1182,Telemetry,suspected,101.2,99,28,2778,1,113,92,6.4,2.1,260328,1.2,0.9,2026-04-24 09:02,2026-04-24 11:04,2026-04-24 09:55,2026-04-24 10:09,2026-04-24 11:30,2026-04-24 16:52,L03.90;A41.9;R65.20
1183,Med/Surg B,known,103.0,80,25,6636,15,133,76,1.1,0.9,192040,0.9,0.7,,,,,,,N39.0;A41.9
1184,Step-Down,suspected,103.3,128,32,9047,2,105,94,1.3,1.2,176552,1.3,0.9,,,,,,,J18.9;A41.9
1185,Telemetry,none,96.3,76,32,2872,1,106,94,1.8,0.6,186279,1.2,0.5,,,,,,,
1186,Med/Surg B,suspected,98.4,75,14,5932,6,125,84,1.0,0.9,275369,1.2,0.9,,,,,,,N39.0
1187,Step-Down,known,95.7,128,19,6484,6,88,60,1.7,1.2,58562,2.0,0.7,2026-03-22 05:23,2026-03-22 06:16,2026-03-22 06:40,2026-03-22 07:02,2026-03-22 06:57,,J18.9;A41.9;R65.20
1188,Step-Down,suspected,102.8,131,23,3355,3,109,87,7.1,3.0,153052,1.2,0.4,2026-06-05 01:52,2026-06-05 02:23,2026-06-05 02:22,2026-06-05 02:52,2026-06-05 02:25,2026-06-05 04:23,J18.9
1189,Step-Down,known,98.1,109,12,6824,19,124,82,1.7,0.7,266441,1.2,0.7,,,,,,,J18.9;A41.9
1190,Step-Down,known,102.5,92,13,10071,15,121,81,3.6,3.2,79783,1.9,1.0,2026-05-11 11:07,2026-05-11 12:39,2026-05-11 13:14,2026-05-11 13:32,,2026-05-11 14:45,N39.0;A41.9;R65.20
1191,Step-Down,suspected,102.0,85,26,9486,8,123,92,0.7,1.3,279085,1.0,0.9,,,,,,,J18.9;A41.9
1192,Step-Down,known,103.1,104,17,5882,6,137,73,1.6,1.0,322610,1.1,3.1,2026-01-01 18:57,2026-01-01 23:21,,2026-01-01 20:33,,,J18.9;A41.9
1193,Telemetry,known,101.6,100,23,3346,5,132,82,1.1,1.1,331538,1.2,0.5,,,,,,,L03.90;A41.9
1194,Telemetry,none,98.5,124,16,10746,8,120,92,1.6,1.0,206975,1.0,0.9,,,,,,,
1195,Med/Surg B,known,102.5,129,31,10817,17,134,79,1.7,0.9,153347,1.1,0.3,,,,,,,J18.9;A41.9
1196,Step-Down,known,96.0,69,22,10657,4,102,81,1.7,0.7,94271,2.2,1.1,2026-02-13 06:04,2026-02-13 08:24,2026-02-13 07:13,2026-02-13 07:46,,,L03.90;A41.9;R65.20
1197,Telemetry,suspected,96.5,112,30,12712,4,112,89,1.7,1.3,266146,1.2,1.1,,,,,,,L03.90;A41.9
1198,Telemetry,known,98.2,70,13,6531,2,132,73,1.1,0.9,295908,1.0,0.4,,,,,,,N39.0;A41.9
1199,Med/Surg B,suspected,103.0,132,31,7467,18,87,61,5.1,0.8,62050,2.0,1.0,2026-03-17 17:13,2026-03-17 19:28,2026-03-17 17:39,2026-03-17 17:54,2026-03-17 18:39,2026-03-17 21:21,L03.90;A41.9;R65.20
1200,Telemetry,suspected,96.0,75,27,7404,3,139,86,1.2,1.0,347167,1.3,0.3,,,,,,,N39.0;A41.9;R65.20
1201,Med/Surg A,known,99.8,99,28,7101,8,83,62,5.8,1.0,227708,1.3,2.5,2026-06-22 14:48,2026-06-22 15:43,2026-06-22 16:29,,2026-06-22 19:05,,L03.90;A41.9;R65.21
1202,Med/Surg B,known,95.3,119,32,23740,2,121,71,0.7,2.2,216036,1.1,0.8,2026-06-15 20:09,2026-06-15 20:35,2026-06-15 21:44,2026-06-15 22:10,,,L03.90;A41.9
1203,Telemetry,suspected,97.5,135,23,5048,20,137,71,1.5,0.7,281815,0.9,3.6,2026-04-21 10:07,2026-04-21 11:20,2026-04-21 10:15,2026-04-21 10:56,,,J18.9;A41.9;R65.20
1204,Med/Surg A,suspected,102.4,69,28,7416,13,100,87,7.1,0.7,160950,0.9,3.2,2026-02-25 11:12,2026-02-25 13:40,2026-02-25 12:40,2026-02-25 12:52,2026-02-25 12:55,2026-02-25 16:44,J18.9;A41.9;R65.20
1205,Step-Down,suspected,99.6,69,24,16117,4,77,60,1.6,1.3,346881,1.3,1.2,2026-04-28 08:37,2026-04-28 09:01,2026-04-28 08:40,2026-04-28 09:27,2026-04-28 13:00,,L03.90;A41.9;R65.20
1206,Telemetry,suspected,102.3,113,27,23498,3,106,79,1.4,1.3,233305,1.1,0.6,,,,,,,L03.90;A41.9
1207,Step-Down,known,101.8,106,32,2566,5,108,91,1.6,1.3,271332,1.1,1.0,,,,,,,L03.90;A41.9
1208,Step-Down,known,103.2,96,23,20809,0,137,88,1.1,1.1,159609,1.1,0.8,,,,,,,J18.9
1209,Med/Surg B,known,102.4,97,18,3028,0,115,95,1.9,1.1,348497,1.1,0.7,,,,,,,N39.0;A41.9
1210,Telemetry,known,101.7,108,27,13201,3,133,95,1.1,1.0,269182,1.3,0.3,,,,,,,J18.9;A41.9;R65.20
1211,Med/Surg B,suspected,102.0,133,23,7060,17,125,81,1.7,0.9,81595,2.3,0.3,2026-03-22 01:56,2026-03-22 02:05,2026-03-22 01:50,2026-03-22 02:19,,,L03.90;A41.9;R65.20
1212,Med/Surg B,known,102.6,99,32,19293,5,82,53,1.4,3.0,76928,1.6,0.3,2026-01-25 12:37,2026-01-25 14:08,2026-01-25 15:33,2026-01-25 15:17,2026-01-25 13:24,,J18.9;A41.9;R65.20
1213,Step-Down,known,95.8,117,31,10223,11,118,72,0.9,1.1,273578,1.2,0.5,,,,,,,J18.9;A41.9
1214,Med/Surg B,known,101.4,116,28,14278,0,112,86,1.7,1.0,260046,1.2,0.8,,,,,,,J18.9
1215,Step-Down,known,95.8,92,32,8534,19,126,81,1.7,1.2,262448,1.0,1.0,,,,,,,J18.9;A41.9
1216,Med/Surg B,known,99.4,97,26,9454,17,86,61,3.5,1.1,180888,1.1,0.6,2026-05-06 04:53,2026-05-06 05:24,2026-05-06 06:39,2026-05-06 07:32,2026-05-06 08:57,2026-05-06 08:37,L03.90;A41.9;R65.20
1217,Step-Down,none,97.9,85,16,7140,8,127,88,1.1,0.8,328416,1.1,0.5,,,,,,,
1218,Med/Surg A,suspected,99.4,117,24,5975,14,106,76,3.0,1.2,294330,1.1,3.4,2026-01-30 06:16,2026-01-30 06:50,2026-01-30 08:14,2026-01-30 08:45,,,J18.9
1219,Med/Surg A,known,99.8,119,13,16810,3,75,61,1.1,1.4,90236,2.1,0.6,2026-06-22 03:53,2026-06-22 05:48,2026-06-22 05:17,2026-06-22 05:26,2026-06-22 05:05,,J18.9;A41.9;R65.20
1220,Med/Surg B,none,96.4,81,26,13050,8,133,92,0.9,0.7,159453,1.0,0.9,,,,,,,
1221,Telemetry,suspected,98.5,104,30,13624,1,122,78,4.8,1.4,79803,2.3,3.2,2026-02-01 20:44,2026-02-01 21:02,2026-02-01 21:13,2026-02-01 22:00,2026-02-01 21:11,,L03.90;A41.9
1222,Med/Surg A,known,96.2,108,30,7049,18,115,94,1.0,3.2,94668,2.0,0.8,2026-03-29 17:45,2026-03-29 19:24,2026-03-29 17:50,2026-03-29 18:42,,,N39.0
1223,Telemetry,known,95.6,114,30,9388,0,105,82,6.4,1.3,169930,1.1,2.4,2026-03-06 08:37,2026-03-06 09:00,2026-03-06 08:42,2026-03-06 09:23,,2026-03-06 11:53,N39.0;A41.9;R65.20
1224,Med/Surg A,suspected,99.3,107,15,2423,3,139,81,2.4,0.7,170575,1.2,0.9,2026-05-20 03:02,2026-05-20 04:59,2026-05-20 04:09,2026-05-20 04:58,,2026-05-20 05:09,N39.0;A41.9;R65.20
1225,Step-Down,suspected,98.7,83,26,9020,2,132,78,1.1,1.2,183618,0.9,1.0,,,,,,,L03.90
1226,Telemetry,none,99.4,79,23,9245,18,120,92,0.6,1.1,249464,1.1,0.6,,,,,,,
1227,Med/Surg B,suspected,99.9,113,27,6506,7,123,81,3.6,2.5,197156,1.1,1.2,2026-05-29 05:15,2026-05-29 06:43,2026-05-29 10:03,2026-05-29 10:20,,2026-05-29 11:40,N39.0
1228,Step-Down,suspected,98.0,101,19,15393,6,134,93,2.7,1.0,66447,2.0,0.8,2026-01-19 00:25,2026-01-19 02:00,2026-01-19 02:18,2026-01-19 03:03,,2026-01-19 06:47,J18.9;A41.9;R65.20
1229,Telemetry,known,99.6,98,29,7741,4,123,81,1.3,1.3,217558,1.0,0.7,,,,,,,L03.90;A41.9
1230,Med/Surg B,known,99.9,74,17,7663,8,131,94,1.6,1.3,249895,1.1,0.7,,,,,,,N39.0
1231,Step-Down,suspected,99.6,67,13,18129,3,120,80,1.4,1.2,308698,1.2,0.5,,,,,,,J18.9
1232,Step-Down,suspected,98.0,93,14,10961,3,116,93,1.5,0.7,193754,1.1,0.4,,,,,,,N39.0
1233,Telemetry,known,101.4,116,16,16553,4,128,90,0.8,1.0,194723,0.9,0.9,,,,,,,L03.90
1234,Med/Surg A,none,96.0,103,31,8740,20,127,86,1.4,1.0,241008,1.1,0.5,,,,,,,
1235,Telemetry,suspected,102.4,100,27,7349,7,79,50,1.6,3.2,89125,1.8,0.3,2026-02-04 07:52,2026-02-04 09:17,2026-02-04 09:41,2026-02-04 09:54,2026-02-04 12:36,,L03.90;A41.9;R65.20
1236,Step-Down,suspected,95.3,97,18,6962,19,134,95,4.9,0.8,54486,1.7,2.7,2026-04-23 10:54,2026-04-23 11:56,2026-04-23 11:08,2026-04-23 11:59,2026-04-23 12:13,2026-04-23 16:40,J18.9;A41.9;R65.21
1237,Med/Surg B,suspected,103.4,65,24,5837,4,117,74,1.5,1.2,211029,0.9,0.3,,,,,,,N39.0
1238,Med/Surg B,suspected,103.1,101,22,7183,6,130,75,0.8,1.3,75007,2.3,0.4,2026-03-12 01:12,2026-03-12 02:34,2026-03-12 01:39,2026-03-12 02:24,,,L03.90;A41.9;R65.20
1239,Med/Surg A,none,98.0,88,13,9269,3,130,82,1.5,0.8,234689,1.0,1.0,,,,,,,A41.9
1240,Step-Down,suspected,95.3,68,25,10184,6,87,54,3.2,0.9,213724,0.9,0.3,2026-05-06 07:41,2026-05-06 08:05,2026-05-06 10:06,2026-05-06 10:11,2026-05-06 08:55,2026-05-06 10:23,N39.0;A41.9;R65.21
1241,Telemetry,suspected,102.8,113,12,5489,5,109,92,1.3,0.7,277885,1.0,1.2,,,,,,,N39.0;A41.9
1242,Telemetry,none,102.0,69,16,5323,7,128,87,1.0,1.2,199748,1.1,0.8,,,,,,,
1243,Med/Surg A,none,101.8,115,29,22953,8,124,93,0.8,0.6,245440,1.2,0.5,,,,,,,
1244,Med/Surg A,suspected,97.9,74,27,3312,5,107,73,1.3,0.7,184019,1.0,0.3,,,,,,,J18.9;A41.9
1245,Med/Surg A,known,98.7,84,31,2100,5,114,89,1.5,0.6,204719,1.2,1.1,,,,,,,J18.9;A41.9
1246,Med/Surg B,known,95.4,94,13,2159,3,133,73,0.7,0.8,251012,1.0,0.8,,,,,,,J18.9;A41.9
1247,Telemetry,known,102.8,119,23,15455,8,125,86,1.0,0.7,307264,1.1,0.6,,,,,,,L03.90;A41.9
1248,Step-Down,suspected,99.6,112,31,21726,8,113,82,1.6,1.3,216607,1.0,0.7,,,,,,,J18.9;A41.9
1249,Med/Surg B,known,95.5,74,25,17659,0,106,71,5.6,0.7,67366,1.9,0.8,2026-02-16 15:32,2026-02-16 16:39,2026-02-16 15:40,2026-02-16 15:54,,2026-02-16 20:44,L03.90;A41.9;R65.20
1250,Telemetry,none,103.0,103,29,10649,1,138,90,1.0,1.2,301069,1.1,1.0,,,,,,,
1251,Med/Surg A,suspected,102.7,66,26,5337,16,132,92,4.8,0.6,75747,2.4,1.0,2026-02-10 10:18,2026-02-10 12:30,2026-02-10 11:30,2026-02-10 12:05,2026-02-10 12:37,2026-02-10 14:31,J18.9;A41.9;R65.20
1252,Step-Down,suspected,97.7,128,12,8270,15,132,83,1.6,2.3,185355,1.1,0.5,2026-04-29 17:43,2026-04-29 18:30,2026-04-29 19:29,2026-04-29 19:50,,,L03.90;A41.9;R65.20
1253,Med/Surg B,known,101.9,128,13,5921,6,127,81,1.1,0.9,305681,1.2,1.0,,,,,,,N39.0;A41.9
1254,Med/Surg B,suspected,98.6,72,15,10614,5,109,94,1.5,0.7,343876,0.9,1.2,,,,,,,N39.0
1255,Med/Surg A,known,102.3,75,15,9407,3,113,87,1.3,0.8,276622,1.1,1.2,,,,,,,L03.90
1256,Step-Down,known,102.8,109,12,3340,0,117,91,1.7,3.0,178283,0.9,1.1,2026-02-12 01:59,2026-02-12 03:04,2026-02-12 04:21,2026-02-12 04:42,,,J18.9;A41.9;R65.20
1257,Step-Down,known,99.7,82,13,15758,8,129,87,1.8,0.6,214852,1.3,0.6,,,,,,,L03.90
1258,Med/Surg B,known,98.4,85,26,20712,4,116,82,1.8,1.3,157724,1.3,3.9,2026-01-28 14:49,2026-01-28 15:07,2026-01-28 17:57,2026-01-28 18:40,,,L03.90;A41.9;R65.20
1259,Med/Surg B,suspected,102.5,119,26,7697,18,137,87,3.3,0.8,59051,1.8,3.4,2026-03-20 06:58,2026-03-20 08:54,2026-03-20 07:04,2026-03-20 07:20,,2026-03-20 12:20,L03.90;A41.9
1260,Telemetry,known,98.3,82,13,6508,5,109,93,0.6,0.9,258538,1.3,0.6,,,,,,,J18.9
1261,Telemetry,known,103.5,131,16,9961,3,80,51,3.3,1.0,281681,1.2,3.0,2026-02-03 11:48,2026-02-03 12:06,2026-02-03 12:31,2026-02-03 13:23,2026-02-03 14:28,2026-02-03 15:58,L03.90;A41.9;R65.20
1262,Step-Down,none,98.0,94,18,5122,4,126,77,1.6,1.4,348646,1.0,0.5,,,,,,,A41.9
1263,Med/Surg A,none,103.0,84,18,7563,17,139,93,1.3,1.0,318137,1.3,1.0,,,,,,,
1264,Med/Surg A,known,97.6,77,30,5403,14,118,84,1.1,0.8,224950,1.1,0.7,,,,,,,L03.90;A41.9
1265,Med/Surg A,known,102.5,87,30,18940,6,120,84,0.6,1.0,336812,1.3,1.1,,,,,,,L03.90;A41.9
1266,Med/Surg A,known,101.4,116,30,6309,17,89,55,3.1,3.0,189345,1.0,0.4,2026-03-18 09:10,2026-03-18 09:55,2026-03-18 11:49,2026-03-18 11:57,2026-03-18 10:15,2026-03-18 15:52,J18.9;A41.9;R65.21
1267,Med/Surg A,suspected,95.0,108,22,8757,7,84,64,1.2,0.8,93219,2.0,0.7,2026-04-20 10:45,2026-04-20 11:24,2026-04-20 10:39,2026-04-20 11:10,2026-04-20 12:35,,N39.0
1268,Med/Surg B,known,101.3,114,22,13031,4,121,72,0.7,0.9,196726,1.0,0.6,,,,,,,N39.0;A41.9
1269,Telemetry,suspected,97.7,74,17,8019,6,104,94,1.2,1.0,226764,1.1,0.4,,,,,,,L03.90;A41.9
1270,Step-Down,suspected,102.9,132,30,20424,4,116,86,6.0,1.1,58500,2.1,0.7,2026-03-31 15:47,2026-03-31 16:11,2026-03-31 16:48,2026-03-31 17:00,2026-03-31 17:55,2026-03-31 19:06,J18.9;A41.9;R65.20
1271,Med/Surg B,known,97.5,93,19,10123,1,113,95,1.4,0.9,161925,1.0,0.8,,,,,,,N39.0
1272,Step-Down,known,102.5,92,23,7730,16,139,70,1.7,0.8,72147,2.3,3.0,2026-05-26 03:15,2026-05-26 07:38,2026-05-26 05:51,2026-05-26 05:59,,,N39.0;A41.9
1273,Telemetry,known,99.7,126,27,3605,6,84,61,6.4,1.0,51226,1.8,0.9,2026-01-13 01:17,2026-01-13 02:07,2026-01-13 01:31,2026-01-13 02:26,2026-01-13 02:30,2026-01-13 03:58,L03.90
1274,Med/Surg A,none,98.3,77,14,9677,6,111,89,0.8,1.2,230814,1.2,0.6,,,,,,,
1275,Med/Surg B,known,99.6,111,25,7476,13,102,94,4.7,0.7,282643,0.9,0.7,2026-02-04 15:02,2026-02-04 17:06,,2026-02-04 17:22,2026-02-04 16:04,2026-02-04 17:14,J18.9;A41.9;R65.21
1276,Med/Surg A,suspected,96.4,135,24,13098,7,107,70,1.0,0.6,88947,2.3,2.7,2026-01-19 18:27,2026-01-19 19:42,2026-01-19 19:08,2026-01-19 19:49,,,L03.90;A41.9;R65.20
1277,Med/Surg A,suspected,99.7,75,25,17195,4,134,80,1.6,1.1,221474,1.0,0.5,,,,,,,J18.9;A41.9
1278,Med/Surg A,known,98.9,82,17,7220,2,118,88,0.9,0.7,310763,1.3,0.8,,,,,,,J18.9
1279,Step-Down,suspected,102.1,130,31,10653,18,112,92,6.7,1.2,55147,2.4,3.5,2026-04-14 08:42,2026-04-14 09:55,2026-04-14 10:09,2026-04-14 10:29,2026-04-14 11:49,,J18.9;A41.9;R65.20
1280,Step-Down,suspected,99.2,121,19,16166,2,111,92,7.2,2.6,235134,1.1,2.2,2026-01-21 13:12,2026-01-21 14:54,2026-01-21 15:15,2026-01-21 15:39,2026-01-21 13:32,2026-01-21 15:44,N39.0;A41.9;R65.20
1281,Med/Surg B,suspected,99.0,100,30,5843,6,87,54,5.9,0.9,258381,1.0,2.6,2026-06-27 06:59,2026-06-27 08:52,2026-06-27 09:05,2026-06-27 09:26,2026-06-27 08:45,2026-06-27 10:10,N39.0;A41.9
1282,Step-Down,known,99.5,119,31,3115,3,111,91,1.5,1.2,336622,1.1,0.7,,,,,,,N39.0;A41.9
1283,Med/Surg B,known,97.7,98,32,8104,16,76,53,1.7,1.3,347915,1.2,2.1,2026-05-01 07:26,2026-05-01 08:05,2026-05-01 11:00,2026-05-01 11:28,2026-05-01 07:46,,L03.90;A41.9;R65.21
1284,Med/Surg A,suspected,101.9,83,32,2890,5,100,89,1.9,0.9,58359,2.3,0.4,2026-01-01 03:41,2026-01-01 05:49,2026-01-01 05:03,2026-01-01 05:12,,,L03.90;A41.9;R65.20
1285,Step-Down,suspected,99.7,65,15,8536,6,140,80,1.5,0.9,264082,1.1,0.9,,,,,,,N39.0
1286,Step-Down,suspected,96.0,100,12,23123,0,131,91,1.2,1.4,172194,1.0,3.6,2026-06-12 16:07,2026-06-12 17:42,2026-06-12 20:02,2026-06-12 20:47,,,L03.90;A41.9;R65.20
1287,Telemetry,suspected,98.6,78,19,8151,5,114,75,1.2,0.6,280588,1.2,0.5,,,,,,,L03.90
1288,Med/Surg B,suspected,102.0,83,29,10656,1,133,94,1.6,1.0,170508,1.1,3.3,2026-03-28 00:10,2026-03-28 00:45,2026-03-28 02:49,2026-03-28 02:03,,,N39.0;A41.9;R65.20
1289,Telemetry,known,101.2,121,30,3175,5,126,81,1.8,1.2,225814,1.0,0.9,,,,,,,N39.0
1290,Telemetry,known,98.9,134,16,10114,0,118,85,0.7,1.0,222836,1.0,0.9,,,,,,,J18.9
1291,Med/Surg A,none,99.0,83,14,10399,7,123,95,0.8,1.2,211917,1.1,1.0,,,,,,,
1292,Med/Surg B,known,99.4,118,18,23324,7,136,93,3.6,0.6,67327,2.2,2.3,2026-03-26 11:18,2026-03-26 12:03,2026-03-26 11:25,2026-03-26 12:15,,2026-03-26 14:45,N39.0;A41.9
1293,Step-Down,suspected,98.7,101,30,2024,4,133,91,7.3,2.2,289275,1.2,1.2,2026-04-22 03:15,2026-04-22 05:22,2026-04-22 05:45,2026-04-22 05:51,2026-04-22 03:41,,N39.0;A41.9;R65.20
1294,Telemetry,suspected,99.5,73,32,9785,6,129,94,1.5,0.8,326131,1.1,0.5,,,,,,,J18.9
1295,Med/Surg B,known,95.0,68,30,23731,7,122,77,1.5,0.8,158923,0.9,0.4,,,,,,,L03.90;A41.9
1296,Telemetry,known,99.6,69,18,10377,2,107,92,0.8,0.8,323140,1.3,0.9,,,,,,,J18.9
1297,Med/Surg B,suspected,99.5,109,12,8135,6,121,71,0.9,1.3,196643,1.1,0.7,,,,,,,J18.9
1298,Med/Surg A,known,102.7,120,26,13071,1,104,88,1.5,1.2,154919,1.3,0.4,,,,,,,J18.9;A41.9
1299,Step-Down,suspected,99.3,77,12,9222,7,130,83,1.1,1.2,168376,1.1,0.3,,,,,,,N39.0
1300,Step-Down,suspected,103.4,97,27,9379,5,118,90,0.9,2.9,250706,1.2,0.6,2026-06-13 04:41,2026-06-13 06:02,2026-06-13 05:53,2026-06-13 06:00,,,N39.0;A41.9;R65.20
